--, IBI
22.157264,0.828163
22.938550,0.781286
27.938779,0.859414
28.782568,0.843789
43.658248,0.796911
44.455160,0.796911
45.220820,0.765660
51.517983,0.812537
52.205515,0.687531
53.111806,0.906291
53.908718,0.796911
54.736881,0.828163
55.549418,0.812537
56.393206,0.843789
57.252621,0.859414
66.237407,0.781286
67.034318,0.796911
67.878107,0.843789
68.721896,0.843789
69.534433,0.812537
70.346970,0.812537
71.284513,0.937543
78.003571,0.828163
78.800482,0.796911
79.628645,0.828163
80.456808,0.828163
81.269345,0.812537
82.113134,0.843789
82.941297,0.828163
83.785085,0.843789
84.660125,0.875040
85.488288,0.828163
86.347703,0.859414
87.160240,0.812537
88.191537,1.031297
94.738712,0.828163
95.535623,0.796911
96.363786,0.828163
97.191949,0.828163
98.020112,0.828163
98.832649,0.812537
99.676438,0.843789
100.520226,0.843789
101.379641,0.859414
102.223429,0.843789
103.129721,0.906291
103.989135,0.859414
104.864175,0.875040
105.723589,0.859414
106.629881,0.906291
111.020707,0.906291
111.895747,0.875040
112.755161,0.859414
113.692704,0.937543
118.817939,0.843789
119.661727,0.843789
120.458639,0.796911
121.380556,0.921917
122.193093,0.812537
123.005630,0.812537
123.865045,0.859414
124.677582,0.812537
125.505745,0.828163
126.349534,0.843789
156.007141,0.812537
156.835304,0.828163
157.647841,0.812537
158.476004,0.828163
159.304167,0.828163
160.147956,0.843789
160.976119,0.828163
161.804281,0.828163
162.648070,0.843789
163.476233,0.828163
164.320022,0.843789
165.163810,0.843789
275.106343,0.796911
282.981703,0.796911
283.778615,0.796911
284.544275,0.765660
285.341186,0.796911
286.122472,0.781286
286.919384,0.796911
287.700669,0.781286
288.497581,0.796911
289.294492,0.796911
290.091404,0.796911
290.888315,0.796911
291.700852,0.812537
292.497764,0.796911
293.294675,0.796911
294.107213,0.812537
294.919750,0.812537
295.716661,0.796911
296.529198,0.812537
306.935925,0.765660
307.748462,0.812537
308.545373,0.796911
309.373536,0.828163
310.154822,0.781286
310.967359,0.812537
311.779896,0.812537
312.608059,0.828163
313.420597,0.812537
314.248760,0.828163
315.076922,0.828163
315.905085,0.828163
316.717623,0.812537
317.530160,0.812537
318.373948,0.843789
319.202111,0.828163
320.030274,0.828163
320.874063,0.843789
321.702226,0.828163
322.546014,0.843789
323.374177,0.828163
324.217966,0.843789
325.046129,0.828163
325.889917,0.843789
326.718080,0.828163
327.561869,0.843789
328.405658,0.843789
329.218195,0.812537
330.061983,0.843789
330.890146,0.828163
331.718309,0.828163
332.546472,0.828163
333.405886,0.859414
334.218424,0.812537
335.046587,0.828163
335.859124,0.812537
336.702912,0.843789
337.515450,0.812537
338.343612,0.828163
339.171775,0.828163
339.999938,0.828163
340.812475,0.812537
341.640638,0.828163
342.500053,0.859414
343.296964,0.796911
344.078250,0.781286
344.875161,0.796911
345.703324,0.828163
346.500236,0.796911
347.312773,0.812537
348.140936,0.828163
348.953473,0.812537
349.781636,0.828163
350.594173,0.812537
351.422336,0.828163
352.266125,0.843789
353.094288,0.828163
353.938076,0.843789
354.766239,0.828163
355.578776,0.812537
356.391314,0.812537
357.219476,0.828163
357.985137,0.765660
362.860360,0.828163
363.704148,0.843789
364.485434,0.781286
365.329223,0.843789
366.188637,0.859414
366.985548,0.796911
367.782460,0.796911
368.594997,0.812537
369.423160,0.828163
370.235697,0.812537
371.063860,0.828163
371.892023,0.828163
372.735812,0.843789
373.595226,0.859414
374.439015,0.843789
375.282803,0.843789
376.142218,0.859414
377.001632,0.859414
377.845421,0.843789
378.689209,0.843789
379.579875,0.890666
380.408038,0.828163
381.236201,0.828163
386.142675,0.796911
386.877084,0.734409
393.158622,0.781286
393.924282,0.765660
394.689942,0.765660
395.471227,0.781286
396.315016,0.843789
397.065050,0.750034
397.846336,0.781286
398.643248,0.796911
399.440159,0.796911
400.252696,0.812537
401.065233,0.812537
409.268734,0.828163
410.065645,0.796911
410.893808,0.828163
411.706346,0.812537
412.534508,0.828163
413.362671,0.828163
414.159583,0.796911
414.987746,0.828163
415.815909,0.828163
416.628446,0.812537
417.440983,0.812537
418.269146,0.828163
419.112935,0.843789
419.925472,0.812537
420.753635,0.828163
421.581798,0.828163
422.425586,0.843789
423.285001,0.859414
433.691727,0.750034
434.488638,0.796911
435.223047,0.734409
435.973081,0.750034
436.769993,0.796911
437.504401,0.734409
438.285687,0.781286
439.051347,0.765660
439.832633,0.781286
440.598293,0.765660
466.896372,0.718783
467.677658,0.781286
471.365326,0.734409
472.099735,0.734409
478.850044,0.750034
479.537575,0.687531
480.271984,0.734409
486.209756,0.765660
486.975416,0.765660
487.772327,0.796911
488.537987,0.765660
489.319273,0.781286
490.069308,0.750034
490.834968,0.765660
491.600628,0.765660
492.350662,0.750034
493.116322,0.765660
493.897608,0.781286
494.694519,0.796911
495.475805,0.781286
496.288342,0.812537
497.132131,0.843789
497.929042,0.796911
498.757205,0.828163
499.569742,0.812537
500.366654,0.796911
501.194817,0.828163
501.991728,0.796911
502.804265,0.812537
503.616803,0.812537
504.460591,0.843789
505.257503,0.796911
506.070040,0.812537
537.399599,0.812537
538.134008,0.734409
538.899668,0.765660
539.665328,0.765660
540.430988,0.765660
541.134145,0.703157
541.993559,0.859414
542.696717,0.703157
543.509254,0.812537
544.243662,0.734409
545.024948,0.781286
545.774982,0.750034
546.587520,0.812537
547.368805,0.781286
548.118840,0.750034
548.947003,0.828163
549.712663,0.765660
550.493948,0.781286
551.290860,0.796911
552.056520,0.765660
552.869057,0.812537
553.665969,0.796911
554.462880,0.796911
555.259792,0.796911
556.087955,0.828163
556.884866,0.796911
557.713029,0.828163
558.525566,0.812537
559.353729,0.828163
560.166266,0.812537
560.963178,0.796911
561.775715,0.812537
562.588252,0.812537
563.416415,0.828163
564.228952,0.812537
565.041489,0.812537
565.854027,0.812537
566.682189,0.828163
567.494727,0.812537
568.338515,0.843789
569.119801,0.781286
569.932338,0.812537
570.744875,0.812537
571.557413,0.812537
572.385576,0.828163
573.198113,0.812537
573.854393,0.656280
574.745059,0.890666
575.510719,0.765660
576.276379,0.765660
577.057664,0.781286
577.823324,0.765660
578.620236,0.796911
579.385896,0.765660
580.167182,0.781286
580.964093,0.796911
581.745379,0.781286
582.542290,0.796911
583.354828,0.812537
584.151739,0.796911
584.964276,0.812537
585.776814,0.812537
586.589351,0.812537
587.417514,0.828163
588.230051,0.812537
589.042588,0.812537
589.855125,0.812537
590.683288,0.828163
591.480200,0.796911
592.292737,0.812537
593.152151,0.859414
593.933437,0.781286
594.730348,0.796911
595.574137,0.843789
596.371048,0.796911
597.214837,0.843789
601.152517,0.796911
605.137075,0.906291
605.902735,0.765660
606.715272,0.812537
607.512183,0.796911
608.293469,0.781286
609.074755,0.781286
609.871666,0.796911
610.668578,0.796911
611.449864,0.781286
612.231149,0.781286
613.028061,0.796911
613.824972,0.796911
617.762653,0.796911
618.543938,0.781286
624.950482,0.796911
625.794270,0.843789
626.606807,0.812537
627.419345,0.812537
712.641995,0.718783
713.345153,0.703157
714.063936,0.718783
714.767093,0.703157
715.470250,0.703157
725.517585,0.703157
726.236368,0.718783
730.549065,0.718783
731.283474,0.734409
732.002257,0.718783
741.612072,0.718783
742.362106,0.750034
746.831060,0.750034
768.566431,0.765660
769.363342,0.796911
770.160254,0.796911
770.972791,0.812537
771.769702,0.796911
772.597865,0.828163
773.410402,0.812537
774.222939,0.812537
775.066728,0.843789
775.910517,0.843789
776.723054,0.812537
777.551217,0.828163
778.363754,0.812537
779.191917,0.828163
780.035706,0.843789
805.724381,0.765660
806.521293,0.796911
807.302579,0.781286
808.115116,0.812537
815.943599,0.781286
816.771762,0.828163
817.490545,0.718783
823.772083,0.781286
824.568994,0.796911
830.069246,0.828163
830.834906,0.765660
831.709946,0.875040
832.459980,0.750034
840.491598,0.812537
841.319761,0.828163
842.147924,0.828163
842.991712,0.843789
843.835501,0.843789
844.679290,0.843789
845.538704,0.859414
846.398118,0.859414
847.241907,0.843789
848.085696,0.843789
848.929484,0.843789
849.742021,0.812537
850.554559,0.812537
851.351470,0.796911
852.148381,0.796911
852.960919,0.812537
853.773456,0.812537
854.601619,0.828163
855.445407,0.843789
856.289196,0.843789
857.132985,0.843789
866.320905,0.828163
867.133442,0.812537
867.977231,0.843789
868.789768,0.812537
869.633557,0.843789
870.461720,0.828163
871.289883,0.828163
872.133671,0.843789
872.977460,0.843789
873.836874,0.859414
874.680663,0.843789
875.524451,0.843789
876.368240,0.843789
877.180777,0.812537
878.024566,0.843789
878.868355,0.843789
879.696517,0.828163
880.649686,0.953169
881.430972,0.781286
913.073045,0.750034
913.885582,0.812537
914.651242,0.765660
915.463780,0.812537
922.104709,0.828163
922.932872,0.828163
923.792286,0.859414
924.667326,0.875040
949.137196,0.828163
949.980985,0.843789
950.824773,0.843789
1000.280162,0.796911
1001.077074,0.796911
1001.889611,0.812537
1002.702148,0.812537
1003.514685,0.812537
1004.342848,0.828163
1005.171011,0.828163
1005.983548,0.812537
1006.811711,0.828163
1007.624248,0.812537
1008.452411,0.828163
1009.296200,0.843789
1010.155614,0.859414
1010.968151,0.812537
1011.811940,0.843789
1045.407228,0.750034
1046.141636,0.734409
1046.938548,0.796911
1047.719834,0.781286
1051.548134,0.781286
1052.329420,0.781286
1053.110705,0.781286
1053.876365,0.765660
1054.673277,0.796911
1055.470188,0.796911
1105.300594,0.781286
1111.644635,0.828163
1112.472798,0.828163
1113.285335,0.812537
1114.097872,0.812537
1114.941661,0.843789
1115.754198,0.812537
1116.597986,0.843789
1117.426149,0.828163
1118.223061,0.796911
1135.380096,0.796911
1136.223885,0.843789
1137.036422,0.812537
1137.848959,0.812537
1138.645871,0.796911
1139.489659,0.843789
1140.302197,0.812537
1141.130359,0.828163
1141.958522,0.828163
1142.786685,0.828163
1143.614848,0.828163
1144.427385,0.812537
1145.255548,0.828163
1146.114963,0.859414
1146.927500,0.812537
1147.771288,0.843789
1148.583826,0.812537
1149.427614,0.843789
1150.255777,0.828163
1151.083940,0.828163
1151.912103,0.828163
1152.755892,0.843789
1153.584054,0.828163
1154.427843,0.843789
1155.287257,0.859414
1156.084169,0.796911
1156.896706,0.812537
1157.709243,0.812537
1158.521780,0.812537
1159.303066,0.781286
1160.099978,0.796911
1160.928141,0.828163
1161.771929,0.843789
1165.912744,0.828163
1179.303982,0.859414
1180.100893,0.796911
1185.085496,0.828163
1185.929285,0.843789
1186.788699,0.859414
1187.601237,0.812537
1195.335966,0.531274
1195.851614,0.515649
1205.617686,0.828163
1206.445849,0.828163
1210.586664,0.859414
1211.414827,0.828163
1212.227364,0.812537
1213.071152,0.843789
1213.883690,0.812537
1214.696227,0.812537
1218.868293,0.828163
1219.727707,0.859414
1220.571496,0.843789
1221.384033,0.812537
1226.368636,0.843789
1227.181173,0.812537
1227.978085,0.796911
1232.884559,0.828163
1233.665845,0.781286
1234.462757,0.796911
1235.306545,0.843789
1236.119082,0.812537
1236.900368,0.781286
1237.712905,0.812537
1238.525443,0.812537
1239.322354,0.796911
1240.119266,0.796911
1240.963054,0.843789
1241.744340,0.781286
1242.556877,0.812537
1243.369414,0.812537
1244.181952,0.812537
1244.994489,0.812537
1245.775774,0.781286
1246.588312,0.812537
1247.353972,0.765660
1248.213386,0.859414
1249.041549,0.828163
1249.807209,0.765660
1250.619746,0.812537
1251.463535,0.843789
1252.244821,0.781286
1253.072984,0.828163
1253.885521,0.812537
1254.651181,0.765660
1255.479344,0.828163
1269.995633,0.796911
1270.855047,0.859414
1271.636333,0.781286
1276.433428,0.812537
1277.230339,0.796911
1278.027251,0.796911
1278.808537,0.781286
1279.652325,0.843789
1280.433611,0.781286
1281.214897,0.781286
1282.043060,0.828163
1282.855597,0.812537
1283.636883,0.781286
1284.449420,0.812537
1285.183828,0.734409
1285.965114,0.781286
1286.730774,0.765660
1287.496434,0.765660
1288.293346,0.796911
1289.105883,0.812537
1306.356673,0.796911
1307.153584,0.796911
1311.138141,0.796911
1311.966304,0.828163
1312.794467,0.828163
1313.591379,0.796911
1314.388290,0.796911
1315.216453,0.828163
1316.028990,0.812537
1316.825902,0.796911
1339.936335,0.796911
1360.577904,0.796911
1361.374816,0.796911
1362.187353,0.812537
1362.999890,0.812537
1363.796802,0.796911
1364.562462,0.765660
1365.374999,0.812537
1366.171911,0.796911
1366.984448,0.812537
1367.796985,0.812537
1368.609522,0.812537
1369.437685,0.828163
1376.719268,0.828163
1377.531806,0.812537
1378.328717,0.796911
1379.141254,0.812537
1379.953791,0.812537
1386.344709,0.812537
1387.141620,0.796911
1402.142307,0.890666
1418.752442,0.812537
1419.580605,0.828163
1420.377517,0.796911
1421.190054,0.812537
1421.986965,0.796911
1422.783877,0.796911
1423.565163,0.781286
1424.362074,0.796911
1425.158986,0.796911
1425.940271,0.781286
1426.737183,0.796911
1427.534094,0.796911
1428.331006,0.796911
1429.127917,0.796911
1441.550361,0.781286
1442.316021,0.765660
1443.112932,0.796911
1443.878592,0.765660
1444.644253,0.765660
1445.425538,0.781286
1446.191198,0.765660
1446.956858,0.765660
1447.722518,0.765660
1448.488178,0.765660
1449.269464,0.781286
1450.035124,0.765660
1450.816410,0.781286
1451.582070,0.765660
1452.363356,0.781286
1453.144642,0.781286
1453.925927,0.781286
1454.707213,0.781286
1455.488499,0.781286
1456.269785,0.781286
1457.051070,0.781286
1457.832356,0.781286
1458.598016,0.765660
1459.379302,0.781286
1460.144962,0.765660
1460.941874,0.796911
1473.317440,0.765660
1474.098726,0.781286
1474.911263,0.812537
1475.723800,0.812537
1479.692732,0.796911
1480.489643,0.796911
1481.302181,0.812537
1507.147114,0.796911
1527.866812,0.812537
1528.663724,0.796911
1529.366881,0.703157
1530.195044,0.828163
1530.960704,0.765660
1538.820439,0.781286
1539.617350,0.796911
1540.398636,0.781286
1541.195547,0.796911
1541.976833,0.781286
1542.758119,0.781286
1543.555030,0.796911
1544.336316,0.781286
1545.148853,0.812537
1545.930139,0.781286
1546.711425,0.781286
1547.508336,0.796911
1548.289622,0.781286
1549.070908,0.781286
1549.852194,0.781286
1550.633479,0.781286
1551.430391,0.796911
1552.227302,0.796911
1553.024214,0.796911
1553.821125,0.796911
1554.602411,0.781286
1555.383697,0.781286
1556.164983,0.781286
1562.368392,0.765660
1563.165303,0.796911
1563.930963,0.765660
1564.727875,0.796911
1565.509160,0.781286
1566.274820,0.765660
1567.071732,0.796911
1567.853018,0.781286
1568.649929,0.796911
1569.431215,0.781286
1570.118746,0.687531
1570.993786,0.875040
1571.743821,0.750034
1572.540732,0.796911
1573.337644,0.796911
1574.150181,0.812537
1574.915841,0.765660
1575.744004,0.828163
1576.540915,0.796911
1577.353452,0.812537
1578.181615,0.828163
1578.978527,0.796911
1579.775438,0.796911
1580.619227,0.843789
1581.416138,0.796911
1582.259927,0.843789
1583.041213,0.781286
1583.853750,0.812537
1584.681913,0.828163
1585.494450,0.812537
1586.291362,0.796911
1587.072647,0.781286
1587.885185,0.812537
1588.682096,0.796911
1589.479007,0.796911
1590.275919,0.796911
1591.057205,0.781286
1591.885368,0.828163
1592.666653,0.781286
1598.870062,0.796911
1599.573220,0.703157
1611.433137,0.781286
1612.230049,0.796911
1613.011335,0.781286
1613.855123,0.843789
1614.636409,0.781286
1641.356382,0.734409
1662.997998,0.890666
1663.701155,0.703157
1674.264138,0.750034
1675.092301,0.828163
1675.842336,0.750034
1676.733001,0.890666
1677.576790,0.843789
1678.373702,0.796911
1679.248742,0.875040
1680.061279,0.812537
1680.873816,0.812537
1681.701979,0.828163
1682.530142,0.828163
1683.405182,0.875040
1684.186468,0.781286
1684.999005,0.812537
1685.905296,0.906291
1686.655331,0.750034
1687.530371,0.875040
1688.311656,0.781286
1689.155445,0.843789
1689.967982,0.812537
1690.811771,0.843789
1691.624308,0.812537
1706.921883,0.843789
1725.938379,0.781286
1726.719665,0.781286
1727.532202,0.812537
1733.063705,0.781286
1733.829365,0.765660
1734.626276,0.796911
1735.376311,0.750034
1736.235725,0.859414
1736.970134,0.734409
1737.845174,0.875040
1766.112093,0.750034
1766.893378,0.781286
1767.690290,0.796911
1768.487201,0.796911
1769.299739,0.812537
1769.987270,0.687531
1770.799807,0.812537
1771.612345,0.812537
1772.362379,0.750034
1773.143665,0.781286
1773.924950,0.781286
1774.690610,0.765660
1775.471896,0.781286
1776.221931,0.750034
1777.018842,0.796911
1777.800128,0.781286
1778.565788,0.765660
1790.363203,0.765660
1791.128863,0.765660
1791.957026,0.828163
1792.722686,0.765660
1793.535223,0.812537
1794.363386,0.828163
1795.097795,0.734409
1795.925957,0.828163
1796.691617,0.765660
1797.519780,0.828163
1798.379195,0.859414
1811.598550,0.718783
1812.317333,0.718783
1820.161442,0.828163
1820.989605,0.828163
1821.786516,0.796911
1822.458422,0.671906
1823.364713,0.906291
1824.145999,0.781286
1824.896034,0.750034
1825.677319,0.781286
1826.458605,0.781286
1827.224265,0.765660
1828.005551,0.781286
1828.786837,0.781286
1829.583748,0.796911
1830.365034,0.781286
1831.115068,0.750034
1831.943231,0.828163
1832.677640,0.734409
1833.490177,0.812537
1834.271463,0.781286
1835.099626,0.828163
1835.880911,0.781286
1863.538427,0.828163
1864.538473,1.000046
1897.508732,0.781286
1898.321270,0.812537
1899.133807,0.812537
1899.946344,0.812537
1904.009030,0.843789
1904.712187,0.703157
1905.524724,0.812537
1906.274759,0.750034
1907.165424,0.890666
1907.868582,0.703157
1908.681119,0.812537
1914.837651,0.750034
1915.556433,0.718783
1916.337719,0.781286
1917.212759,0.875040
1942.042021,0.781286
1942.807681,0.765660
1943.588967,0.781286
1944.370252,0.781286
1945.214041,0.843789
1952.980021,0.765660
1996.216376,0.828163
2004.998028,0.781286
2005.763688,0.765660
2036.390089,0.781286
2057.312922,0.765660
2058.062956,0.750034
2058.844242,0.781286
2062.703794,0.750034
2063.485080,0.781286
2064.250740,0.765660
2065.016400,0.765660
2065.782060,0.765660
2066.547720,0.765660
2067.329005,0.781286
2068.063414,0.734409
2068.844700,0.781286
2076.563803,0.750034
2077.376340,0.812537
2078.157626,0.781286
2078.938912,0.781286
2079.735823,0.796911
2080.517109,0.781286
2081.267143,0.750034
2082.048429,0.781286
2082.845341,0.796911
2083.611001,0.765660
2084.376661,0.765660
2085.157947,0.781286
2085.923607,0.765660
2086.704892,0.781286
2087.470552,0.765660
2088.251838,0.781286
2089.017498,0.765660
2089.798784,0.781286
2090.580070,0.781286
2091.330104,0.750034
2092.111390,0.781286
2092.877050,0.765660
2093.658336,0.781286
2094.439621,0.781286
2095.220907,0.781286
2096.002193,0.781286
2096.767853,0.765660
2097.564764,0.796911
2098.377302,0.812537
2099.142962,0.765660
2099.939873,0.796911
2100.752410,0.812537
2101.533696,0.781286
2102.314982,0.781286
2103.111893,0.796911
2103.908805,0.796911
2104.705716,0.796911
2105.487002,0.781286
2106.283914,0.796911
2107.065199,0.781286
2107.846485,0.781286
2108.643397,0.796911
2109.409057,0.765660
2110.190342,0.781286
2110.971628,0.781286
2111.737288,0.765660
2112.502948,0.765660
2113.284234,0.781286
2114.049894,0.765660
2114.846806,0.796911
2115.596840,0.750034
2116.362500,0.765660
2117.143786,0.781286
2117.893820,0.750034
2118.690732,0.796911
2119.440766,0.750034
2120.206426,0.765660
2120.972086,0.765660
2133.300775,0.781286
2134.082061,0.781286
2134.894598,0.812537
2135.675884,0.781286
2136.488421,0.812537
2137.285333,0.796911
2138.082244,0.796911
2161.489566,0.781286
2162.255226,0.765660
2163.020886,0.765660
2163.895926,0.875040
2164.630334,0.734409
2169.989955,0.781286
2170.755615,0.765660
2171.536901,0.781286
2172.286935,0.750034
2173.083846,0.796911
2173.865132,0.781286
2174.662044,0.796911
2175.443329,0.781286
2176.240241,0.796911
2177.037152,0.796911
2192.287850,0.718783
2193.022259,0.734409
2193.787919,0.765660
2194.569205,0.781286
2200.788239,0.765660
2201.553900,0.765660
2202.366437,0.812537
2203.163348,0.796911
2203.929008,0.765660
2204.725920,0.796911
2205.538457,0.812537
2206.335368,0.796911
2207.132280,0.796911
2207.944817,0.812537
2208.726103,0.781286
2209.538640,0.812537
2210.366803,0.828163
2211.148089,0.781286
2211.976252,0.828163
2212.788789,0.812537
2213.616952,0.828163
2214.398237,0.781286
2215.210775,0.812537
2216.054563,0.843789
2216.882726,0.828163
2217.664012,0.781286
2218.492175,0.828163
2219.320338,0.828163
2220.132875,0.812537
2220.914161,0.781286
2221.711072,0.796911
2222.539235,0.828163
2235.164813,0.812537
2253.243766,0.796911
2277.104233,0.750034
2277.823016,0.718783
2278.557424,0.734409
2279.307459,0.750034
2280.026242,0.718783
2280.760650,0.734409
2281.495059,0.734409
2286.026516,0.765660
2286.807802,0.781286
2287.557836,0.750034
2288.354748,0.796911
2289.120408,0.765660
2289.886068,0.765660
2290.651728,0.765660
2291.417388,0.765660
2292.198674,0.781286
2292.964334,0.765660
2293.729994,0.765660
2297.542668,0.750034
2298.308328,0.765660
2299.073988,0.765660
2299.839648,0.765660
2300.605309,0.765660
2301.370969,0.765660
2302.136629,0.765660
2302.917914,0.781286
2303.683574,0.765660
2304.464860,0.781286
2305.214895,0.750034
2305.996180,0.781286
2306.761840,0.765660
2307.527500,0.765660
2308.293160,0.765660
2309.058820,0.765660
2309.808855,0.750034
2310.558889,0.750034
2311.293298,0.734409
2312.058958,0.765660
2312.793366,0.734409
2313.543401,0.750034
2314.277809,0.734409
2315.043469,0.765660
2315.777878,0.734409
2316.527912,0.750034
2317.277947,0.750034
2317.996730,0.718783
2318.778015,0.781286
2319.528050,0.750034
2320.262458,0.734409
2321.028118,0.765660
2321.778153,0.750034
2322.528187,0.750034
2323.309473,0.781286
2324.090759,0.781286
2324.856419,0.765660
2325.622079,0.765660
2326.372113,0.750034
2327.169024,0.796911
2327.934685,0.765660
2328.669093,0.734409
2329.450379,0.781286
2330.216039,0.765660
2330.981699,0.765660
2331.747359,0.765660
2332.497393,0.750034
2333.247428,0.750034
2334.028713,0.781286
2334.778748,0.750034
2335.528782,0.750034
2336.278816,0.750034
2337.060102,0.781286
2337.794511,0.734409
2338.560171,0.765660
2339.325831,0.765660
2340.107117,0.781286
2340.857151,0.750034
2341.575934,0.718783
2342.310343,0.734409
2343.076003,0.765660
2343.810411,0.734409
2344.576071,0.765660
2345.310480,0.734409
2346.060514,0.750034
2346.779297,0.718783
2347.529331,0.750034
2348.279366,0.750034
2360.811189,0.750034
2361.561224,0.750034
2362.326884,0.765660
2363.076918,0.750034
2363.873830,0.796911
2364.623864,0.750034
2365.405150,0.781286
2366.186435,0.781286
2373.139879,0.734409
2373.921165,0.781286
2374.718076,0.796911
2375.514987,0.796911
2376.311899,0.796911
2377.108810,0.796911
2377.905722,0.796911
2378.687008,0.781286
2379.546422,0.859414
2380.312082,0.765660
2381.093368,0.781286
2381.905905,0.812537
2382.734068,0.828163
2383.515354,0.781286
2384.327891,0.812537
2385.124802,0.796911
2385.921714,0.796911
2386.718625,0.796911
2387.515537,0.796911
2388.312448,0.796911
2389.109360,0.796911
2389.890646,0.781286
2390.671931,0.781286
2391.468843,0.796911
2392.250129,0.781286
2393.015789,0.765660
2393.812700,0.796911
2394.609612,0.796911
2395.390897,0.781286
2396.187809,0.796911
2396.984720,0.796911
2397.781632,0.796911
2398.562917,0.781286
2399.344203,0.781286
2400.141115,0.796911
2400.938026,0.796911
2401.734938,0.796911
2402.516223,0.781286
2403.313135,0.796911
2411.297875,0.781286
2412.094787,0.796911
2412.876073,0.781286
2413.657358,0.781286
2414.438644,0.781286
2415.204304,0.765660
2415.969964,0.765660
2424.720365,0.812537
2425.548528,0.828163
2426.345439,0.796911
2432.830111,0.812537
2433.627023,0.796911
2434.439560,0.812537
2435.252097,0.812537
2436.064634,0.812537
2436.877171,0.812537
2437.658457,0.781286
2438.470994,0.812537
2439.267906,0.796911
2440.111694,0.843789
2440.908606,0.796911
2441.689892,0.781286
2442.471177,0.781286
2443.268089,0.796911
2444.065000,0.796911
2444.861912,0.796911
2464.050290,0.796911
2464.862827,0.812537
2465.644113,0.781286
2466.456650,0.812537
2467.253562,0.796911
2476.879002,0.812537
2482.363628,0.781286
2483.144914,0.781286
2483.941826,0.796911
2490.285866,0.796911
2491.082778,0.796911
2491.879689,0.796911
2492.692226,0.812537
2507.599159,0.781286
2508.380444,0.781286
2509.192981,0.812537
2598.493944,0.781286
2599.290856,0.796911
2600.087767,0.796911
2600.837801,0.750034
2611.869556,0.781286
2634.526844,0.890666
2644.464799,0.781286
2650.793213,0.750034
2654.043362,0.859414
2654.809022,0.765660
2655.543431,0.734409
2656.418471,0.875040
2661.934348,0.781286
2662.621880,0.687531
2663.465668,0.843789
2664.200077,0.734409
2672.653589,0.718783
2673.434875,0.781286
2674.200535,0.765660
2674.950569,0.750034
2675.653726,0.703157
2698.561025,0.875040
2699.576696,1.015671
2710.077177,0.718783
2710.827211,0.750034
2715.546177,0.781286
2716.280586,0.734409
2717.124375,0.843789
2720.952675,0.750034
2721.718335,0.765660
2722.483995,0.765660
2723.296532,0.812537
2724.030941,0.734409
2724.827852,0.796911
2725.562261,0.734409
2731.015635,0.796911
2731.765670,0.750034
2732.515704,0.750034
2733.312616,0.796911
2734.047024,0.734409
2734.828310,0.781286
2735.578344,0.750034
2736.344004,0.765660
2737.125290,0.781286
2737.922202,0.796911
2738.656610,0.734409
2749.328974,0.812537
2750.141511,0.812537
2750.875920,0.734409
2751.672831,0.796911
2752.422865,0.750034
2753.188525,0.765660
2753.954185,0.765660
2754.751097,0.796911
2755.548008,0.796911
2756.344920,0.796911
2760.220097,0.765660
2761.048260,0.828163
2761.798295,0.750034
2762.579580,0.781286
2763.313989,0.734409
2764.173403,0.859414
2764.907812,0.734409
2765.704723,0.796911
2766.470383,0.765660
2767.251669,0.781286
2768.032955,0.781286
2778.658441,0.812537
2803.518954,0.781286
2804.300240,0.781286
2814.847598,0.765660
2815.613258,0.765660
2826.238744,0.750034
2852.693080,0.781286
2853.474366,0.781286
2854.286903,0.812537
2855.005686,0.718783
2855.880726,0.875040
2856.677638,0.796911
2857.474549,0.796911
2858.193332,0.718783
2859.052746,0.859414
2859.802781,0.750034
2864.506121,0.750034
2865.334284,0.828163
2866.099944,0.765660
2866.959358,0.859414
2867.709393,0.750034
2868.490678,0.781286
2869.365718,0.875040
2870.053250,0.687531
2897.320123,0.765660
2898.038906,0.718783
2898.913946,0.875040
2899.648355,0.734409
2900.429640,0.781286
2901.226552,0.796911
2901.945335,0.718783
2909.648812,0.750034
2925.633919,0.765660
2926.399579,0.765660
2927.149613,0.750034
2927.930899,0.781286
2928.680933,0.750034
2929.446594,0.765660
2930.212254,0.765660
2930.993539,0.781286
2931.759199,0.765660
2932.524859,0.765660
2933.290519,0.765660
2934.056180,0.765660
2934.837465,0.781286
2935.618751,0.781286
2936.400037,0.781286
2937.196948,0.796911
2937.978234,0.781286
2938.743894,0.765660
2939.540806,0.796911
2940.322091,0.781286
2941.119003,0.796911
2941.900289,0.781286
2942.681574,0.781286
2943.462860,0.781286
2944.228520,0.765660
2945.009806,0.781286
2945.759840,0.750034
2946.572377,0.812537
2947.306786,0.734409
2948.088072,0.781286
2948.853732,0.765660
2949.650643,0.796911
2957.432250,0.796911
2958.213535,0.781286
2958.979195,0.765660
2959.760481,0.781286
2960.541767,0.781286
2961.323053,0.781286
2962.119964,0.796911
2962.901250,0.781286
2963.682536,0.781286
2964.479447,0.796911
2965.245107,0.765660
2966.026393,0.781286
2966.823304,0.796911
2967.620216,0.796911
2968.401502,0.781286
2969.167162,0.765660
2969.964073,0.796911
2970.760985,0.796911
2971.526645,0.765660
2972.307930,0.781286
2973.089216,0.781286
2973.870502,0.781286
2974.667413,0.796911
2975.448699,0.781286
2976.198734,0.750034
3003.871875,0.750034
3004.621910,0.750034
3011.278464,0.750034
3012.012873,0.734409
3012.747282,0.734409
3013.481690,0.734409
3063.218342,0.765660
3064.015253,0.796911
3064.671533,0.656280
3069.187365,0.718783
3069.953025,0.765660
3074.546985,0.859414
3114.126922,0.750034
3114.861331,0.734409
3115.611365,0.750034
3116.392651,0.781286
3122.439803,0.734409
3123.205463,0.765660
3123.971123,0.765660
3124.721157,0.750034
3125.471191,0.750034
3126.236851,0.765660
3126.986886,0.750034
3127.736920,0.750034
3128.486954,0.750034
3129.252614,0.765660
3130.002649,0.750034
3130.752683,0.750034
3131.518343,0.765660
3132.284003,0.765660
3133.034038,0.750034
3133.784072,0.750034
3134.534106,0.750034
3135.284141,0.750034
3136.018549,0.734409
3136.768584,0.750034
3137.549869,0.781286
3138.299904,0.750034
3139.065564,0.765660
3139.846849,0.781286
3140.628135,0.781286
3141.393795,0.765660
3142.175081,0.781286
3142.940741,0.765660
3143.722027,0.781286
3144.487687,0.765660
3145.268973,0.781286
3146.050258,0.781286
3146.815918,0.765660
3147.597204,0.781286
3148.362864,0.765660
3149.128524,0.765660
3149.894184,0.765660
3150.659844,0.765660
3151.409879,0.750034
3152.175539,0.765660
3152.941199,0.765660
3153.706859,0.765660
3154.472519,0.765660
3155.238179,0.765660
3155.972588,0.734409
3156.753873,0.781286
3157.519533,0.765660
3158.269568,0.750034
3159.035228,0.765660
3159.800888,0.765660
3160.613425,0.812537
3161.379085,0.765660
3162.160371,0.781286
3162.957282,0.796911
3163.754194,0.796911
3164.519854,0.765660
3165.332391,0.812537
3166.113677,0.781286
3166.910588,0.796911
3167.707500,0.796911
3174.176546,0.796911
3174.989083,0.812537
3175.801620,0.812537
3186.942755,0.796911
3187.724041,0.781286
3188.536578,0.812537
3189.302238,0.765660
3190.099150,0.796911
3190.896061,0.796911
3191.677347,0.781286
3192.443007,0.765660
3193.255544,0.812537
3194.036830,0.781286
3194.818116,0.781286
3195.599401,0.781286
3196.380687,0.781286
3197.130722,0.750034
3197.927633,0.796911
3198.708919,0.781286
3199.490205,0.781286
3200.271490,0.781286
3201.068402,0.796911
3211.381374,0.796911
3212.162660,0.781286
3212.959571,0.796911
3213.740857,0.781286
3214.522143,0.781286
3215.287803,0.765660
3216.084714,0.796911
3216.866000,0.781286
3295.307091,0.781286
3329.496156,0.750034
3341.152939,0.796911
3341.949851,0.796911
3342.746762,0.796911
3343.528048,0.781286
3344.309334,0.781286
3348.184511,0.781286
3348.950171,0.765660
3360.419446,0.703157
3361.231983,0.812537
3361.982018,0.750034
3362.732052,0.750034
3363.466460,0.734409
3364.216495,0.750034
3539.427640,0.812537
3540.224551,0.796911
3541.021463,0.796911
3541.834000,0.812537
3542.630912,0.796911
3543.443449,0.812537
3544.255986,0.812537
3561.756787,0.812537
3562.522447,0.765660
3563.288107,0.765660
3564.022516,0.734409
3564.725673,0.703157
3565.569462,0.843789
3566.381999,0.812537
3598.039698,0.890666
3598.836609,0.796911
3599.664772,0.828163
3600.461684,0.796911
3605.368158,0.781286
3606.180696,0.812537
3606.977607,0.796911
3607.805770,0.828163
3608.602681,0.796911
3609.399593,0.796911
3610.196504,0.796911
3611.024667,0.828163
3611.805953,0.781286
3612.618490,0.812537
3613.431027,0.812537
3614.243565,0.812537
3615.040476,0.796911
3615.853013,0.812537
3616.665550,0.812537
3617.524965,0.859414
3621.493896,0.812537
3630.291174,0.765660
3631.072460,0.781286
3631.869371,0.796911
3632.635031,0.765660
3633.431943,0.796911
3634.213229,0.781286
3635.010140,0.796911
3635.791426,0.781286
3636.588337,0.796911
3637.385249,0.796911
3638.150909,0.765660
3638.963446,0.812537
3639.760358,0.796911
3640.572895,0.812537
3641.369806,0.796911
3642.182343,0.812537
3642.979255,0.796911
3643.823044,0.843789
3644.619955,0.796911
3645.432492,0.812537
3646.245029,0.812537
3647.073192,0.828163
3647.885730,0.812537
3648.729518,0.843789
3649.510804,0.781286
3650.370218,0.859414
3651.151504,0.781286
3651.995293,0.843789
3652.792204,0.796911
3653.620367,0.828163
3654.401653,0.781286
3655.198564,0.796911
3656.011101,0.812537
3656.808013,0.796911
3657.604924,0.796911
3658.417462,0.812537
3659.214373,0.796911
3660.026910,0.812537
3660.823822,0.796911
3661.620733,0.796911
3662.417645,0.796911
3663.214556,0.796911
3663.980216,0.765660
3664.761502,0.781286
3665.589665,0.828163
3666.386576,0.796911
3667.199114,0.812537
3667.996025,0.796911
3668.746059,0.750034
3669.574222,0.828163
3670.418011,0.843789
3671.199297,0.781286
3672.027460,0.828163
3672.808745,0.781286
3673.683785,0.875040
3674.449445,0.765660
3675.277608,0.828163
3676.090146,0.812537
3676.918308,0.828163
3677.715220,0.796911
3678.496506,0.781286
3679.324669,0.828163
3680.121580,0.796911
3680.949743,0.828163
3681.746655,0.796911
3682.559192,0.812537
3683.371729,0.812537
3684.215518,0.843789
3685.012429,0.796911
3707.294699,0.781286
3708.091610,0.796911
3708.872896,0.781286
3709.669808,0.796911
3716.763882,0.734409
3717.670174,0.906291
3718.451460,0.781286
3719.201494,0.750034
3719.998405,0.796911
3777.938558,0.765660
3778.672966,0.734409
3779.423001,0.750034
3780.204286,0.781286
3781.032449,0.828163
3781.782484,0.750034
3800.392710,0.796911
3801.173996,0.781286
3801.986533,0.812537
3802.783445,0.796911
3841.691476,0.515649
3850.144988,0.625029
3940.336616,0.734409
3941.071025,0.734409
3941.821059,0.750034
3942.555468,0.734409
3943.305502,0.750034
3944.055536,0.750034
3944.821196,0.765660
3945.586856,0.765660
3946.383768,0.796911
3947.180679,0.796911
3947.977591,0.796911
3948.790128,0.812537
3949.587039,0.796911
3950.368325,0.781286
3951.180862,0.812537
3951.977774,0.796911
3952.774685,0.796911
3953.571597,0.796911
3954.337257,0.765660
3955.118543,0.781286
3955.915454,0.796911
3956.696740,0.781286
3957.478026,0.781286
3958.243686,0.765660
3959.024971,0.781286
3959.759380,0.734409
3960.603169,0.843789
3961.337577,0.734409
3962.134489,0.796911
3972.041192,0.765660
3972.853729,0.812537
3973.556887,0.703157
3974.306921,0.750034
4022.699761,0.750034
4023.512298,0.812537
4024.324836,0.812537
4028.528153,0.875040
4032.559587,0.828163
4033.372125,0.812537
4034.169036,0.796911
4034.887819,0.718783
4035.731608,0.843789
4036.559771,0.828163
4053.935566,0.781286
4054.638723,0.703157
4055.373132,0.734409
4141.861465,0.718783
4142.595874,0.734409
4143.345908,0.750034
4144.095942,0.750034
4144.830351,0.734409
4145.580385,0.750034
4146.377297,0.796911
4147.158583,0.781286
4147.877366,0.718783
4148.611774,0.734409
4149.377434,0.765660
4150.174346,0.796911
4155.393335,0.750034
4156.143369,0.750034
4156.830900,0.687531
4157.580935,0.750034
4158.362221,0.781286
4159.096629,0.734409
4159.877915,0.781286
4160.659201,0.781286
4161.440486,0.781286
4162.159269,0.718783
4162.924929,0.765660
4163.674964,0.750034
4164.456249,0.781286
4165.143781,0.687531
4165.940692,0.796911
4166.721978,0.781286
4167.409510,0.687531
4168.159544,0.750034
4168.925204,0.765660
4169.643987,0.718783
4179.363182,0.718783
4180.113216,0.750034
4181.019508,0.906291
4185.879105,0.875040
4186.738519,0.859414
4190.660574,0.828163
4191.473111,0.812537
4192.301274,0.828163
4193.191940,0.890666
4193.926348,0.734409
4194.801389,0.875040
4243.506743,0.812537
4244.303654,0.796911
4245.053689,0.750034
4245.803723,0.750034
4246.553757,0.750034
4247.319417,0.765660
4248.131955,0.812537
4248.881989,0.750034
